"EPCI_EPT","TYPO_IPCE","TYPO_INEG2","TYPO_FREI"
"200000172","FAV","Q3","MOY"
"200000438","FAVP","Q4","DEG"
"200000545","DEGP","Q5","DEGP"
"200000628","DEGP","Q5","DEG"
"200000800","FAV","Q1","MOY"
"200000925","FAVP","Q3","MOY"
"200000933","MOY","Q3","DEG"
"200004802","MOY","Q3","FAV"
"200005932","FAVP","Q2","FAV"
"200005957","DEG","Q5","DEGP"
"200006682","FAV","Q1","FAV"
"200006716","DEG","Q4","DEGP"
"200006930","DEG","Q2","DEG"
"200006971","FAV","Q3","MOY"
"200007052","MOY","Q4","DEG"
"200007177","DEG","Q5","DEGP"
"200010650","MOY","Q3","FAV"
"200010700","DEG","Q5","DEG"
"200011773","DEG","Q4","MOY"
"200011781","MOY","Q5","DEG"
"200013050","FAVP","Q4","FAV"
"200015162","DEG","Q4","DEGP"
"200016905","MOY","Q2","MOY"
"200017341","DEGP","Q4","DEGP"
"200017846","MOY","Q2","DEGP"
"200018083","MOY","Q5","DEG"
"200018166","FAVP","Q3","FAVP"
"200018406","DEG","Q2","MOY"
"200018521","MOY","Q3","MOY"
"200018653","DEG","Q1","MOY"
"200022986","FAVP","Q3","FAV"
"200023075","FAV","Q4","FAV"
"200023125","FAVP","Q1","DEG"
"200023240","MOY","Q3","DEGP"
"200023299","FAV","Q1","FAV"
"200023307","DEG","Q1","MOY"
"200023372","FAVP","Q3","FAVP"
"200023414","MOY","Q1","MOY"
"200023620","FAVP","Q3","MOY"
"200023737","MOY","Q2","MOY"
"200023778","MOY","Q3","DEG"
"200023794","DEG","Q4","DEG"
"200023919","MOY","Q2","DEGP"
"200026573","MOY","Q4","MOY"
"200027027","FAV","Q3","FAV"
"200027076","MOY","Q2","MOY"
"200027100","MOY","Q2","MOY"
"200027183","DEGP","Q2","DEG"
"200027217","MOY","Q1","MOY"
"200027308","MOY","Q5","DEG"
"200027548","DEGP","Q5","DEGP"
"200029734","DEG","Q5","FAV"
"200029999","MOY","Q2","MOY"
"200030195","MOY","Q2","MOY"
"200030385","MOY","Q1","MOY"
"200030435","MOY","Q3","DEGP"
"200030526","FAVP","Q3","DEG"
"200030633","DEGP","Q4","DEGP"
"200030658","FAVP","Q2","FAV"
"200030674","DEG","Q4","MOY"
"200032514","MOY","Q4","DEG"
"200033025","MOY","Q2","FAV"
"200033090","FAVP","Q1","DEG"
"200033116","MOY","Q4","MOY"
"200033173","FAVP","Q2","MOY"
"200033181","FAV","Q2","MOY"
"200033298","FAV","Q2","DEG"
"200033579","MOY","Q2","MOY"
"200033827","DEGP","Q5","DEGP"
"200071157","MOY","Q3","FAV"
"200034023","FAV","Q3","DEG"
"200034031","FAV","Q4","MOY"
"200034049","MOY","Q4","DEG"
"200034056","FAV","Q2","MOY"
"200034064","MOY","Q2","MOY"
"200034098","FAVP","Q3","FAV"
"200034130","FAVP","Q3","FAV"
"200034197","DEG","Q4","DEG"
"200034205","DEGP","Q5","DEGP"
"200034270","FAV","Q2","FAV"
"200034379","MOY","Q4","DEG"
"200034411","DEG","Q2","MOY"
"200034601","MOY","Q2","DEGP"
"200034635","FAVP","Q1","FAVP"
"200034692","DEG","Q5","MOY"
"200034700","DEG","Q3","MOY"
"200034718","DEG","Q5","DEG"
"200034726","MOY","Q2","MOY"
"200034825","FAV","Q2","MOY"
"200034833","DEG","Q3","DEG"
"200034874","MOY","Q5","DEGP"
"200034882","FAVP","Q2","FAV"
"200034957","FAVP","Q2","FAV"
"200035087","MOY","Q4","MOY"
"200035103","FAVP","Q1","DEG"
"200035111","MOY","Q2","MOY"
"200035129","DEGP","Q5","DEGP"
"200035137","FAV","Q3","DEG"
"200035202","FAV","Q4","FAV"
"200035319","MOY","Q3","MOY"
"200035327","MOY","Q4","DEG"
"200035442","MOY","Q3","DEG"
"200035533","MOY","Q2","FAV"
"200035541","MOY","Q4","DEG"
"200035632","MOY","Q1","DEGP"
"200035707","MOY","Q4","MOY"
"200035715","DEGP","Q2","MOY"
"200035723","MOY","Q5","MOY"
"200035731","MOY","Q3","FAV"
"200035756","MOY","Q3","MOY"
"200035764","FAVP","Q1","DEG"
"200035772","FAVP","Q1","FAV"
"200035814","MOY","Q3","DEG"
"200035848","MOY","Q2","DEG"
"200035855","DEG","Q5","DEGP"
"200035863","DEGP","Q4","DEG"
"200035970","FAVP","Q1","MOY"
"200036069","FAV","Q1","FAVP"
"200036077","DEG","Q3","MOY"
"200036135","MOY","Q1","FAV"
"200036150","DEG","Q5","DEG"
"200036465","MOY","Q4","MOY"
"200036473","MOY","Q2","DEG"
"200036499","FAV","Q3","DEGP"
"200036523","MOY","Q2","DEG"
"200036549","DEG","Q4","MOY"
"200037059","DEGP","Q5","MOY"
"200037133","MOY","Q3","DEGP"
"200038958","MOY","Q2","DEG"
"200038990","FAVP","Q2","DEG"
"200039022","FAVP","Q2","DEG"
"200039055","FAVP","Q1","FAVP"
"200039063","FAVP","Q3","FAV"
"200039204","DEG","Q5","DEG"
"200039519","FAV","Q1","DEG"
"200039642","MOY","Q2","MOY"
"200039709","MOY","Q4","DEG"
"200039758","MOY","Q1","MOY"
"200039808","DEGP","Q3","MOY"
"200039824","DEG","Q4","DEGP"
"200039832","DEGP","Q3","DEG"
"200039857","MOY","Q2","MOY"
"200039865","MOY","Q2","FAV"
"200039907","FAVP","Q2","FAV"
"200039915","MOY","Q2","MOY"
"200039931","MOY","Q3","DEGP"
"200039949","FAV","Q4","MOY"
"200040038","FAV","Q3","MOY"
"200040095","MOY","Q3","DEG"
"200040111","FAV","Q3","MOY"
"200040137","DEG","Q3","FAV"
"200040178","FAV","Q4","FAV"
"200040202","DEG","Q5","MOY"
"200040210","DEG","Q4","DEG"
"200040244","MOY","Q4","MOY"
"200040251","FAV","Q3","DEGP"
"200040277","MOY","Q3","DEGP"
"200040293","FAV","Q2","FAVP"
"200040350","MOY","Q3","DEG"
"200040384","DEG","Q3","DEGP"
"200040392","MOY","Q1","MOY"
"200040400","DEG","Q3","DEGP"
"200040418","DEG","Q2","DEGP"
"200040426","MOY","Q5","DEG"
"200040442","DEG","Q5","MOY"
"200040459","DEG","Q5","DEG"
"200040475","FAV","Q2","DEG"
"200040491","MOY","Q4","DEGP"
"200040509","DEGP","Q2","MOY"
"200040558","MOY","Q2","MOY"
"200040566","FAV","Q3","DEG"
"200040574","FAVP","Q2","MOY"
"200040590","MOY","Q3","MOY"
"200040624","DEGP","Q4","DEG"
"200040657","FAV","Q3","MOY"
"200040681","DEG","Q4","DEG"
"200040715","MOY","Q2","FAV"
"200040764","DEG","Q4","MOY"
"200040772","FAV","Q2","DEG"
"200040798","FAVP","Q1","FAVP"
"200040814","FAVP","Q1","FAV"
"200040830","MOY","Q3","DEG"
"200040889","MOY","Q4","DEG"
"200040905","DEG","Q3","DEG"
"200040947","FAV","Q4","DEG"
"200040954","MOY","Q5","DEG"
"200041010","FAV","Q3","MOY"
"200041051","MOY","Q2","DEG"
"200041150","DEG","Q4","DEG"
"200041168","DEG","Q4","DEG"
"200041283","FAVP","Q4","DEG"
"200041317","FAV","Q1","FAVP"
"200041325","FAVP","Q3","FAV"
"200041333","MOY","Q3","MOY"
"200041366","FAVP","Q4","FAVP"
"200041416","FAV","Q5","DEG"
"200041440","MOY","Q3","DEG"
"200041465","MOY","Q5","DEGP"
"200041499","FAV","Q2","MOY"
"200041507","DEG","Q3","DEGP"
"200041515","FAV","Q3","DEGP"
"200041523","DEG","Q4","DEG"
"200041556","MOY","Q3","FAV"
"200041572","FAV","Q3","DEG"
"200041614","MOY","Q3","DEG"
"200041622","DEGP","Q4","DEGP"
"200041630","DEGP","Q3","DEG"
"200041689","DEG","Q4","DEGP"
"200041721","DEG","Q4","MOY"
"200041762","MOY","Q4","MOY"
"200041788","DEGP","Q1","DEG"
"200041853","FAVP","Q3","DEG"
"200041861","FAV","Q3","MOY"
"200041879","MOY","Q2","MOY"
"200041887","FAVP","Q4","DEG"
"200041960","FAVP","Q2","FAV"
"200041994","FAV","Q3","FAV"
"200042000","MOY","Q5","FAV"
"200042174","MOY","Q2","FAVP"
"200042182","MOY","Q4","MOY"
"200042190","DEGP","Q5","DEGP"
"200042372","MOY","Q3","FAV"
"200042414","MOY","Q4","MOY"
"200042463","DEG","Q3","DEGP"
"200042497","FAVP","Q2","MOY"
"200042604","FAV","Q1","FAVP"
"200042620","MOY","Q5","DEG"
"200042646","DEGP","Q2","DEG"
"200042653","DEG","Q4","DEG"
"200042703","DEG","Q5","DEG"
"200042729","MOY","Q3","DEG"
"200042901","DEGP","Q5","MOY"
"200042935","MOY","Q3","MOY"
"200042943","MOY","Q3","DEGP"
"200042992","MOY","Q5","DEG"
"200043016","DEG","Q4","MOY"
"200043065","MOY","Q2","FAV"
"200043081","MOY","Q4","FAV"
"200043123","FAV","Q2","FAVP"
"200043156","MOY","Q4","DEG"
"200043172","MOY","Q2","MOY"
"200043263","DEGP","Q4","DEGP"
"200043321","DEG","Q4","DEG"
"200043354","MOY","Q3","FAV"
"200043396","DEGP","Q5","DEGP"
"200043404","DEGP","Q5","DEGP"
"200043438","FAVP","Q2","MOY"
"200043495","DEGP","Q2","MOY"
"200043602","DEG","Q2","MOY"
"200043628","FAVP","Q4","FAV"
"200043693","MOY","Q5","DEG"
"200043776","DEGP","Q4","MOY"
"200043974","DEG","Q4","DEG"
"200043982","MOY","Q4","DEGP"
"200043990","FAVP","Q2","MOY"
"200044014","MOY","Q1","DEG"
"200044030","DEGP","Q5","DEGP"
"200044048","MOY","Q4","DEG"
"200044253","DEGP","Q5","MOY"
"200044394","DEG","Q3","DEGP"
"200044469","DEG","Q3","MOY"
"200044618","DEGP","Q4","DEGP"
"200044691","DEGP","Q2","DEGP"
"200046977","MOY","Q2","FAV"
"200048551","FAVP","Q2","DEGP"
"200049187","DEG","Q3","DEG"
"200049211","DEGP","Q2","DEGP"
"200049484","DEG","Q2","DEGP"
"200054807","MOY","Q2","MOY"
"200055481","FAV","Q2","DEG"
"200055655","MOY","Q3","DEG"
"200055887","FAVP","Q2","DEG"
"200056232","FAVP","Q1","FAV"
"200056380","FAVP","Q1","DEG"
"200057859","FAV","Q2","DEG"
"200057867","DEG","Q3","FAVP"
"200057875","DEG","Q2","FAVP"
"200057941","FAVP","Q1","FAV"
"200057958","FAV","Q1","MOY"
"200057966","FAVP","Q1","FAV"
"200057974","FAVP","Q1","FAVP"
"200057982","FAVP","Q1","FAVP"
"200057990","FAV","Q1","FAV"
"200058006","FAV","Q1","FAV"
"200058014","MOY","Q1","FAV"
"200058097","DEG","Q4","MOY"
"200058360","FAVP","Q2","MOY"
"200058477","FAV","Q1","DEG"
"200058485","FAV","Q1","DEG"
"200058519","FAVP","Q2","MOY"
"200058782","FAV","Q2","FAV"
"200058790","MOY","Q1","FAV"
"200059228","MOY","Q2","DEG"
"200059392","FAV","Q4","DEG"
"200059400","MOY","Q2","FAV"
"200059889","FAV","Q2","DEGP"
"200060010","FAVP","Q3","DEG"
"200065563","FAV","Q1","FAV"
"200065589","FAV","Q3","DEG"
"200065597","MOY","Q1","MOY"
"200065647","DEG","Q4","DEG"
"200065787","DEG","Q4","FAV"
"200065886","FAV","Q4","MOY"
"200065894","FAVP","Q4","MOY"
"200065928","MOY","Q3","FAVP"
"200066009","DEGP","Q4","DEG"
"200066017","MOY","Q3","DEG"
"200066025","FAV","Q4","MOY"
"200066033","FAVP","Q4","FAV"
"200066041","FAV","Q4","DEG"
"200066058","MOY","Q4","FAV"
"200066108","MOY","Q4","FAV"
"200066116","MOY","Q4","MOY"
"200066124","MOY","Q3","DEG"
"200066132","DEGP","Q5","MOY"
"200066140","FAV","Q3","DEGP"
"200066157","DEG","Q4","DEG"
"200066165","FAV","Q4","MOY"
"200066173","MOY","Q5","DEGP"
"200066223","DEG","Q2","DEG"
"200066231","DEG","Q5","DEGP"
"200066280","MOY","Q2","DEGP"
"200066322","DEGP","Q4","DEGP"
"200066330","FAVP","Q2","FAVP"
"200066348","DEGP","Q4","DEGP"
"200066355","DEG","Q3","DEG"
"200066363","DEG","Q4","DEG"
"200066371","MOY","Q1","FAV"
"200066389","FAV","Q1","FAV"
"200066405","FAVP","Q4","DEG"
"200066413","MOY","Q3","DEGP"
"200066462","MOY","Q3","DEGP"
"200066512","FAVP","Q2","MOY"
"200066520","MOY","Q4","DEG"
"200066553","DEG","Q4","DEG"
"200066561","FAV","Q3","DEGP"
"200066587","FAVP","Q3","DEGP"
"200066603","FAV","Q1","FAV"
"200066637","FAV","Q3","MOY"
"200066645","FAV","Q2","DEG"
"200066652","FAV","Q3","MOY"
"200066660","FAV","Q2","MOY"
"200066678","FAV","Q2","FAV"
"200066710","FAVP","Q3","MOY"
"200066728","FAVP","Q2","MOY"
"200066744","MOY","Q2","DEG"
"200066751","MOY","Q1","DEG"
"200066769","FAVP","Q2","DEG"
"200066777","FAV","Q2","MOY"
"200066785","FAV","Q3","MOY"
"200066793","FAVP","Q2","FAV"
"200066801","FAV","Q4","DEGP"
"200066819","FAV","Q3","MOY"
"200066827","FAV","Q3","DEG"
"200066835","MOY","Q4","DEGP"
"200066850","FAV","Q3","MOY"
"200066868","DEG","Q5","FAVP"
"200066876","MOY","Q3","MOY"
"200066884","MOY","Q4","DEGP"
"200066892","FAV","Q3","MOY"
"200066918","DEGP","Q4","DEGP"
"200066926","MOY","Q1","MOY"
"200066975","FAVP","Q2","DEG"
"200067023","FAV","Q2","DEG"
"200067031","MOY","Q4","DEG"
"200067049","MOY","Q3","DEG"
"200067064","DEGP","Q4","DEG"
"200067072","FAV","Q3","FAV"
"200067080","MOY","Q3","FAV"
"200067106","FAV","Q1","FAV"
"200067114","MOY","Q1","MOY"
"200067122","MOY","Q4","DEG"
"200067130","MOY","Q3","DEGP"
"200067155","MOY","Q4","DEG"
"200067163","FAV","Q1","FAV"
"200067171","FAVP","Q2","MOY"
"200067189","MOY","Q3","DEG"
"200067197","DEG","Q4","DEGP"
"200067205","MOY","Q4","DEG"
"200067213","MOY","Q2","MOY"
"200067239","FAVP","Q3","FAV"
"200067247","FAV","Q4","FAV"
"200067254","MOY","Q2","MOY"
"200067262","MOY","Q2","MOY"
"200067288","DEG","Q5","DEG"
"200067296","FAVP","Q3","FAV"
"200067304","DEG","Q3","MOY"
"200067320","FAV","Q4","FAV"
"200067346","FAV","Q3","FAVP"
"200067361","MOY","Q3","MOY"
"200067379","DEG","Q4","DEGP"
"200067429","DEG","Q3","DEGP"
"200067437","MOY","Q2","MOY"
"200067445","FAV","Q4","MOY"
"200067452","FAVP","Q3","FAV"
"200067460","MOY","Q2","MOY"
"200067478","FAVP","Q2","FAVP"
"200067486","FAV","Q5","DEG"
"200067502","DEG","Q5","DEGP"
"200067544","MOY","Q2","DEG"
"200067551","FAV","Q4","FAV"
"200067593","MOY","Q1","FAV"
"200067627","FAV","Q2","FAV"
"200067635","FAVP","Q2","FAVP"
"200067643","FAV","Q4","MOY"
"200067650","FAV","Q4","DEG"
"200067668","MOY","Q4","DEGP"
"200067676","FAV","Q3","DEG"
"200067684","MOY","Q2","FAV"
"200067692","MOY","Q2","DEGP"
"200067700","DEG","Q3","MOY"
"200067742","FAV","Q5","MOY"
"200067759","DEGP","Q5","DEG"
"200067767","MOY","Q3","FAV"
"200067783","FAV","Q4","MOY"
"200067791","MOY","Q2","FAV"
"200067817","FAVP","Q2","DEG"
"200067825","MOY","Q4","FAV"
"200067841","MOY","Q4","MOY"
"200067866","FAVP","Q3","FAVP"
"200067874","FAV","Q2","FAV"
"200067882","MOY","Q3","DEG"
"200067890","MOY","Q2","DEGP"
"200067908","MOY","Q2","MOY"
"200067916","MOY","Q3","MOY"
"200067924","FAV","Q3","FAV"
"200067932","FAV","Q1","FAVP"
"200067940","DEG","Q1","DEG"
"200067957","FAVP","Q3","FAV"
"200067965","MOY","Q2","DEG"
"200067973","FAV","Q2","DEG"
"200067981","MOY","Q2","DEG"
"200067999","DEG","Q2","DEGP"
"200068005","MOY","Q3","DEGP"
"200068047","DEGP","Q5","DEGP"
"200068070","FAVP","Q2","MOY"
"200068088","MOY","Q2","DEG"
"200068096","FAV","Q3","FAV"
"200068104","MOY","Q3","MOY"
"200068112","FAV","Q2","FAV"
"200068120","MOY","Q1","FAVP"
"200068146","MOY","Q3","DEG"
"200068229","DEGP","Q3","DEG"
"200068278","MOY","Q3","DEG"
"200068294","MOY","Q5","MOY"
"200068369","MOY","Q3","FAV"
"200068377","MOY","Q2","MOY"
"200068435","MOY","Q2","DEGP"
"200068443","MOY","Q2","MOY"
"200068450","MOY","Q1","MOY"
"200068468","MOY","Q3","DEG"
"200068484","FAVP","Q2","MOY"
"200068500","DEG","Q4","MOY"
"200068534","FAV","Q4","MOY"
"200068542","FAVP","Q3","DEG"
"200068559","DEG","Q4","DEGP"
"200068567","FAV","Q3","DEG"
"200068625","MOY","Q3","DEG"
"200068641","MOY","Q2","MOY"
"200068658","FAV","Q2","MOY"
"200068666","DEGP","Q4","DEGP"
"200068674","FAVP","Q3","FAV"
"200068682","MOY","Q3","FAV"
"200068757","MOY","Q2","MOY"
"200068765","DEG","Q3","DEGP"
"200068773","MOY","Q4","DEGP"
"200068781","MOY","Q3","MOY"
"200068799","MOY","Q3","DEG"
"200068807","FAV","Q3","FAV"
"200068815","MOY","Q3","DEG"
"200068831","FAVP","Q2","FAV"
"200068856","MOY","Q4","DEGP"
"200068864","FAVP","Q2","FAV"
"200068872","MOY","Q2","FAV"
"200068880","FAV","Q2","MOY"
"200068914","MOY","Q3","MOY"
"200068922","DEG","Q4","DEG"
"200068930","DEG","Q4","MOY"
"200068948","MOY","Q2","MOY"
"200068955","FAV","Q3","DEG"
"200068963","FAVP","Q2","MOY"
"200068989","FAV","Q2","MOY"
"200068997","MOY","Q4","DEG"
"200069003","MOY","Q1","MOY"
"200069029","DEG","Q3","FAV"
"200069037","DEGP","Q5","DEG"
"200069052","DEG","Q4","MOY"
"200069060","FAV","Q2","FAV"
"200069086","FAV","Q2","MOY"
"200069094","MOY","Q2","DEG"
"200069102","MOY","Q3","MOY"
"200069110","FAV","Q2","FAV"
"200069128","FAV","Q1","MOY"
"200069136","DEG","Q5","FAV"
"200069144","FAV","Q2","DEGP"
"200069151","MOY","Q2","FAV"
"200069169","FAVP","Q2","MOY"
"200069177","FAVP","Q2","FAVP"
"200069185","FAV","Q2","FAVP"
"200069193","FAVP","Q2","DEG"
"200069227","MOY","Q3","DEG"
"200069235","MOY","Q5","DEG"
"200069250","MOY","Q2","DEG"
"200069268","FAV","Q2","MOY"
"200069300","DEG","Q3","MOY"
"200069383","DEG","Q3","DEG"
"200069391","FAVP","Q2","MOY"
"200069409","FAV","Q2","FAV"
"200069417","MOY","Q3","MOY"
"200069425","FAV","Q2","FAV"
"200069433","DEG","Q4","DEGP"
"200069441","MOY","Q5","DEGP"
"200069458","MOY","Q2","MOY"
"200069482","FAV","Q4","MOY"
"200069516","FAVP","Q2","MOY"
"200069524","FAV","Q3","DEG"
"200069532","MOY","Q2","DEG"
"200069540","FAVP","Q2","FAV"
"200069565","FAVP","Q4","FAV"
"200069581","FAV","Q2","FAV"
"200069599","FAV","Q3","DEG"
"200069615","FAVP","Q2","FAVP"
"200069623","FAV","Q4","FAV"
"200069631","MOY","Q3","FAV"
"200069649","FAV","Q3","MOY"
"200069656","DEG","Q3","DEGP"
"200069664","MOY","Q3","DEG"
"200069672","DEGP","Q5","DEGP"
"200069698","FAV","Q2","FAV"
"200069722","MOY","Q4","DEG"
"200069730","MOY","Q2","DEGP"
"200069748","FAV","Q3","MOY"
"200069755","MOY","Q3","MOY"
"200069763","FAVP","Q3","MOY"
"200069821","DEG","Q4","FAV"
"200069839","MOY","Q5","DEGP"
"200069847","MOY","Q3","DEG"
"200069854","MOY","Q1","FAV"
"200069912","MOY","Q3","MOY"
"200069953","FAVP","Q2","DEG"
"200069961","MOY","Q3","DEGP"
"200069995","DEG","Q3","DEGP"
"200070035","MOY","Q3","FAV"
"200070043","MOY","Q3","DEG"
"200070068","MOY","Q4","FAV"
"200070092","DEG","Q3","MOY"
"200070100","MOY","Q3","DEG"
"200070118","FAVP","Q3","MOY"
"200070126","MOY","Q4","DEG"
"200070142","FAV","Q3","DEG"
"200070159","FAV","Q3","DEGP"
"200070167","FAV","Q3","DEGP"
"200070183","FAVP","Q1","DEG"
"200070233","FAVP","Q2","FAVP"
"200070282","DEG","Q4","MOY"
"200070290","MOY","Q5","DEGP"
"200070308","MOY","Q3","DEG"
"200070316","MOY","Q4","FAVP"
"200070324","MOY","Q2","DEGP"
"200070332","DEG","Q5","DEGP"
"200070340","FAVP","Q4","FAVP"
"200070365","DEG","Q3","DEGP"
"200070373","DEG","Q3","MOY"
"200070407","MOY","Q3","MOY"
"200070431","FAV","Q4","FAV"
"200070449","FAVP","Q2","FAV"
"200070464","MOY","Q4","FAV"
"200070506","FAV","Q2","MOY"
"200070514","MOY","Q3","FAV"
"200070530","MOY","Q3","FAV"
"200070548","MOY","Q4","FAV"
"200070555","FAVP","Q2","DEG"
"200070563","MOY","Q2","DEG"
"200070571","MOY","Q4","FAVP"
"200070589","FAVP","Q2","MOY"
"200070647","DEG","Q2","MOY"
"200070662","FAVP","Q3","MOY"
"200070670","MOY","Q3","MOY"
"200070688","FAVP","Q3","DEG"
"200070712","DEG","Q3","DEG"
"200070720","DEG","Q4","MOY"
"200070738","FAVP","Q2","MOY"
"200070746","DEG","Q4","DEG"
"200070753","FAVP","Q1","FAV"
"200070761","MOY","Q3","MOY"
"200070779","FAVP","Q1","DEGP"
"200070787","MOY","Q1","MOY"
"200070795","MOY","Q1","DEG"
"200070803","FAVP","Q3","MOY"
"200070811","FAV","Q2","MOY"
"200070829","MOY","Q4","DEG"
"200070845","MOY","Q4","DEG"
"200070852","FAV","Q5","MOY"
"200070894","FAVP","Q2","FAVP"
"200070902","FAV","Q3","DEG"
"200070910","FAV","Q2","DEG"
"200070928","DEGP","Q5","DEGP"
"200070936","DEG","Q3","FAV"
"200070944","DEG","Q3","FAV"
"200070951","MOY","Q3","DEG"
"200070969","FAV","Q3","DEG"
"200070977","DEGP","Q4","DEGP"
"200070985","DEGP","Q5","DEGP"
"200070993","DEGP","Q2","MOY"
"200071017","FAV","Q1","DEG"
"200071025","MOY","Q4","DEGP"
"200071033","MOY","Q2","MOY"
"200071041","MOY","Q4","DEGP"
"200071058","DEG","Q4","MOY"
"200071066","DEG","Q3","DEG"
"200071074","FAV","Q3","DEGP"
"200071082","MOY","Q3","MOY"
"200071116","MOY","Q3","MOY"
"200071140","FAV","Q1","DEG"
"200071165","MOY","Q1","FAVP"
"200071173","FAV","Q4","MOY"
"200071181","MOY","Q2","MOY"
"200071199","MOY","Q3","DEG"
"200071207","MOY","Q3","MOY"
"200071215","FAVP","Q3","MOY"
"200071223","MOY","Q3","FAV"
"200071298","FAVP","Q2","FAV"
"200071314","FAVP","Q3","MOY"
"200071363","MOY","Q3","MOY"
"200071371","FAV","Q3","MOY"
"200071389","MOY","Q3","DEG"
"200071405","DEG","Q5","DEG"
"200071413","MOY","Q4","FAV"
"200071454","MOY","Q1","DEGP"
"200071470","DEG","Q4","MOY"
"200071496","MOY","Q2","DEG"
"200071504","MOY","Q2","MOY"
"200071512","DEG","Q3","MOY"
"200071520","MOY","Q3","MOY"
"200071538","FAV","Q3","FAV"
"200071546","FAV","Q4","DEG"
"200071553","FAVP","Q2","FAV"
"200071579","MOY","Q3","FAV"
"200071587","MOY","Q1","FAVP"
"200071595","FAVP","Q2","FAV"
"200071629","FAV","Q3","FAVP"
"200071645","FAVP","Q2","MOY"
"200071652","FAVP","Q1","DEG"
"200071678","FAV","Q4","FAVP"
"200071751","FAV","Q2","MOY"
"200071769","MOY","Q5","DEG"
"200071777","MOY","Q5","DEG"
"200071785","DEGP","Q5","DEGP"
"200071819","MOY","Q2","MOY"
"200071827","MOY","Q1","MOY"
"200071843","MOY","Q2","DEGP"
"200071850","MOY","Q2","DEGP"
"200071868","FAV","Q3","FAV"
"200071876","DEG","Q3","DEG"
"200071884","MOY","Q3","DEG"
"200071892","DEGP","Q3","DEGP"
"200071900","MOY","Q3","FAVP"
"200071918","FAVP","Q3","MOY"
"200071926","DEGP","Q2","MOY"
"200071934","MOY","Q2","DEG"
"200071942","DEG","Q3","DEG"
"200071967","FAV","Q4","FAV"
"200071983","DEGP","Q5","DEGP"
"200071991","MOY","Q4","DEGP"
"200072007","FAV","Q4","DEG"
"200072015","MOY","Q4","MOY"
"200072023","MOY","Q3","FAV"
"200072031","DEG","Q2","DEGP"
"200072049","DEG","Q4","MOY"
"200072056","MOY","Q4","DEG"
"200072064","MOY","Q1","MOY"
"200072072","MOY","Q2","DEG"
"200072080","DEG","Q3","DEGP"
"200072098","FAVP","Q2","MOY"
"200072106","MOY","Q2","DEGP"
"200072130","MOY","Q1","DEGP"
"200072304","FAVP","Q2","FAV"
"200072312","MOY","Q3","DEGP"
"200072320","FAVP","Q1","FAV"
"200072346","FAV","Q1","FAV"
"200072452","MOY","Q1","MOY"
"200072460","DEG","Q5","DEGP"
"200072478","DEG","Q5","DEG"
"200072544","MOY","Q3","DEGP"
"200072635","FAV","Q2","MOY"
"200072643","DEG","Q4","DEGP"
"200072650","FAVP","Q2","FAVP"
"200072668","MOY","Q3","FAVP"
"200072676","MOY","Q3","DEGP"
"200072684","FAVP","Q3","MOY"
"200072692","MOY","Q1","FAV"
"200072700","FAV","Q3","MOY"
"200072718","FAV","Q2","DEG"
"200072726","MOY","Q4","DEG"
"200072734","FAVP","Q3","FAVP"
"200072825","FAVP","Q2","MOY"
"200072874","FAVP","Q1","DEGP"
"200072882","FAVP","Q3","FAVP"
"200072981","MOY","Q3","DEG"
"200072999","MOY","Q3","FAV"
"200073013","FAVP","Q1","MOY"
"200073096","FAV","Q3","MOY"
"200073104","DEG","Q4","MOY"
"200073112","MOY","Q4","DEG"
"200073120","MOY","Q4","DEGP"
"200073138","FAV","Q4","DEGP"
"200073146","MOY","Q4","DEG"
"200073161","FAVP","Q2","MOY"
"200073237","FAVP","Q2","FAV"
"200073245","DEG","Q3","MOY"
"200073252","DEG","Q5","DEGP"
"200073260","MOY","Q4","MOY"
"200073344","FAVP","Q2","FAV"
"200073393","MOY","Q4","FAVP"
"200073401","FAVP","Q3","FAV"
"200073419","FAV","Q3","FAV"
"200073427","FAVP","Q4","DEG"
"200077014","FAV","Q3","DEG"
"200083392","FAV","Q1","FAVP"
"200084952","DEG","Q3","MOY"
"200085728","MOY","Q4","FAVP"
"200085751","MOY","Q5","DEG"
"200089456","DEG","Q2","MOY"
"200090504","FAV","Q2","DEGP"
"200090561","DEGP","Q3","DEG"
"200090579","FAV","Q3","FAV"
"200090751","DEGP","Q5","DEGP"
"200093201","MOY","Q2","FAV"
"200096634","FAV","Q2","FAVP"
"200096642","FAV","Q2","FAVP"
"200096675","FAV","Q3","FAV"
"200067221","MOY","Q3","FAV"
"200096956","MOY","Q1","MOY"
"240100610","FAV","Q3","MOY"
"240100750","MOY","Q4","MOY"
"240100800","FAV","Q3","FAV"
"240100883","FAV","Q4","DEG"
"240100891","DEG","Q4","DEG"
"240200444","DEGP","Q4","DEG"
"240200469","DEGP","Q4","DEGP"
"240200477","DEGP","Q3","DEGP"
"240200493","DEGP","Q5","DEGP"
"240200501","MOY","Q4","DEGP"
"240200519","MOY","Q3","DEG"
"240200576","MOY","Q4","DEG"
"240200584","MOY","Q3","DEGP"
"240200592","MOY","Q4","DEGP"
"240200600","DEGP","Q4","DEGP"
"240200634","DEGP","Q5","DEG"
"240300491","MOY","Q4","DEG"
"240300558","MOY","Q1","DEGP"
"240300566","MOY","Q2","DEG"
"240300657","MOY","Q3","DEG"
"240400440","DEG","Q2","DEG"
"240500439","FAVP","Q2","FAV"
"240500462","FAVP","Q2","FAVP"
"240600551","FAV","Q3","FAV"
"240600585","FAV","Q3","FAV"
"240600593","FAV","Q2","DEGP"
"240700302","DEGP","Q4","MOY"
"240700617","DEGP","Q3","DEG"
"240700716","FAVP","Q4","DEG"
"240700815","MOY","Q3","DEG"
"240700864","DEG","Q5","MOY"
"240800821","DEGP","Q5","MOY"
"240800847","DEG","Q5","DEG"
"240800862","DEG","Q5","MOY"
"240800920","DEGP","Q5","MOY"
"240900431","DEG","Q4","DEG"
"240900464","DEGP","Q3","DEGP"
"241000223","FAV","Q3","FAV"
"241000405","DEG","Q1","DEG"
"241000447","MOY","Q2","DEGP"
"241000488","FAV","Q3","DEGP"
"241100593","DEGP","Q3","DEG"
"241200187","FAV","Q2","FAVP"
"241200542","FAV","Q3","DEG"
"241200567","MOY","Q4","MOY"
"241200625","FAVP","Q4","MOY"
"241200641","FAVP","Q3","FAV"
"241200658","FAVP","Q3","MOY"
"241200674","FAVP","Q4","FAV"
"241200765","FAV","Q5","FAVP"
"241200807","FAV","Q4","DEG"
"241200906","MOY","Q5","MOY"
"241200914","FAV","Q2","DEG"
"241300375","MOY","Q4","FAV"
"241300417","DEG","Q4","DEGP"
"241400415","MOY","Q3","MOY"
"241400514","MOY","Q3","DEG"
"241400555","FAV","Q2","FAVP"
"241400860","FAVP","Q1","FAVP"
"241400878","FAVP","Q1","FAV"
"241500230","FAV","Q2","MOY"
"241500255","FAV","Q2","DEG"
"241500271","MOY","Q3","FAVP"
"241501055","MOY","Q4","FAVP"
"241501089","FAVP","Q1","DEG"
"241501139","FAV","Q1","MOY"
"241600303","FAV","Q3","DEG"
"241700434","MOY","Q1","FAVP"
"241700459","MOY","Q2","FAVP"
"241700517","FAV","Q3","FAV"
"241700624","DEG","Q1","MOY"
"241700632","MOY","Q3","MOY"
"241700640","DEG","Q3","DEG"
"241700699","DEG","Q2","FAV"
"241800374","MOY","Q5","FAV"
"241800424","MOY","Q2","FAVP"
"241800432","DEGP","Q5","FAV"
"241800457","MOY","Q2","FAV"
"241800507","MOY","Q1","MOY"
"241900133","FAV","Q3","DEGP"
"241927201","FAV","Q1","MOY"
"241927243","MOY","Q5","FAV"
"242000354","MOY","Q4","FAV"
"242000495","DEGP","Q5","DEG"
"242000503","FAV","Q1","DEGP"
"242010056","FAVP","Q2","FAV"
"242010130","DEG","Q3","DEG"
"242020071","FAVP","Q1","FAV"
"242020105","DEGP","Q5","DEGP"
"242100154","FAVP","Q2","MOY"
"242100410","MOY","Q1","FAV"
"242101434","DEGP","Q3","DEGP"
"242101442","MOY","Q2","MOY"
"242101459","FAV","Q2","MOY"
"242101491","MOY","Q3","MOY"
"242101509","FAV","Q4","MOY"
"242200715","MOY","Q2","DEG"
"242300135","MOY","Q2","MOY"
"242320000","MOY","Q3","DEG"
"242320109","MOY","Q3","DEGP"
"242400752","MOY","Q2","DEGP"
"242400935","DEGP","Q4","DEGP"
"242401024","MOY","Q1","DEG"
"242500320","FAVP","Q4","MOY"
"242500338","MOY","Q4","MOY"
"242500361","FAV","Q1","FAV"
"242504116","FAV","Q4","FAV"
"242504181","FAVP","Q5","DEG"
"242504355","FAVP","Q5","DEG"
"242504371","FAV","Q4","DEG"
"242504447","FAVP","Q3","DEG"
"242504488","FAV","Q4","DEG"
"242504496","FAVP","Q5","DEG"
"242600252","MOY","Q4","MOY"
"242600492","MOY","Q2","FAV"
"242600534","DEG","Q1","MOY"
"242700276","FAV","Q2","DEGP"
"242700607","FAV","Q3","MOY"
"242852465","FAV","Q3","DEGP"
"242900074","FAVP","Q3","MOY"
"242900314","MOY","Q1","FAV"
"242900553","FAVP","Q2","FAV"
"242900561","MOY","Q3","DEGP"
"242900629","MOY","Q3","DEG"
"242900645","DEG","Q2","MOY"
"242900660","FAV","Q3","FAVP"
"242900694","FAV","Q3","MOY"
"242900702","MOY","Q3","FAVP"
"242900710","FAV","Q1","MOY"
"242900744","MOY","Q3","DEGP"
"242900751","FAV","Q3","MOY"
"242900769","MOY","Q2","FAV"
"242900793","FAV","Q3","MOY"
"242900801","FAVP","Q3","MOY"
"242900835","MOY","Q2","MOY"
"243000270","DEGP","Q2","MOY"
"243000296","MOY","Q3","MOY"
"243000569","FAV","Q4","MOY"
"243000585","DEGP","Q5","DEGP"
"243000593","DEG","Q4","DEG"
"243000643","DEG","Q3","DEG"
"243000650","DEG","Q2","FAVP"
"243000684","MOY","Q3","MOY"
"243100518","MOY","Q2","FAVP"
"243100567","MOY","Q4","DEGP"
"243100633","FAVP","Q2","FAV"
"243100732","FAVP","Q2","FAVP"
"243100773","FAV","Q3","MOY"
"243100781","FAV","Q4","MOY"
"243100815","FAVP","Q1","FAVP"
"243200391","MOY","Q2","DEG"
"243200409","DEGP","Q4","DEG"
"243200417","MOY","Q2","DEG"
"243200425","MOY","Q3","FAV"
"243200458","DEG","Q3","DEG"
"243200508","DEG","Q4","DEG"
"243200599","MOY","Q4","MOY"
"243200607","MOY","Q1","DEGP"
"243300316","FAV","Q1","FAVP"
"243300563","MOY","Q2","FAV"
"243300811","DEGP","Q5","DEGP"
"243301165","FAVP","Q2","FAVP"
"243301181","MOY","Q5","DEG"
"243301215","FAVP","Q1","MOY"
"243301223","FAV","Q3","MOY"
"243301249","FAV","Q2","FAV"
"243301264","FAVP","Q1","FAV"
"243301355","FAVP","Q1","FAV"
"243301371","DEGP","Q4","DEGP"
"243301389","FAVP","Q2","FAVP"
"243301397","MOY","Q3","MOY"
"243301405","FAVP","Q3","FAVP"
"243301439","FAVP","Q1","FAV"
"243301447","FAVP","Q1","FAV"
"243301454","MOY","Q3","DEG"
"243301504","FAV","Q2","FAVP"
"243400017","MOY","Q1","MOY"
"243400355","DEG","Q4","MOY"
"243400470","MOY","Q2","FAV"
"243400488","DEG","Q4","DEG"
"243400520","DEG","Q3","MOY"
"243400694","MOY","Q4","MOY"
"243400736","DEGP","Q4","DEGP"
"243400769","DEGP","Q3","DEGP"
"243400819","DEGP","Q3","DEGP"
"243500139","MOY","Q1","FAVP"
"243500550","FAVP","Q2","FAV"
"243500618","FAVP","Q1","FAV"
"243500634","FAVP","Q4","DEG"
"243500659","FAVP","Q2","FAVP"
"243500667","FAVP","Q2","FAV"
"243500725","FAV","Q2","MOY"
"243500733","FAVP","Q2","DEG"
"243500741","MOY","Q3","DEGP"
"243500774","FAVP","Q1","FAVP"
"243500782","FAV","Q1","FAVP"
"243600202","MOY","Q2","DEG"
"243600236","MOY","Q1","DEG"
"243600293","FAVP","Q3","MOY"
"243600301","FAV","Q1","FAV"
"243600319","MOY","Q2","MOY"
"243600327","MOY","Q1","MOY"
"243600343","FAV","Q4","FAV"
"243600350","MOY","Q1","FAV"
"243700499","FAV","Q1","MOY"
"243700754","MOY","Q1","FAV"
"243700820","FAVP","Q2","FAVP"
"243800604","MOY","Q3","MOY"
"243800745","FAVP","Q2","FAVP"
"243800935","FAV","Q3","DEGP"
"243800984","FAV","Q4","FAV"
"243801024","FAVP","Q4","FAVP"
"243801073","FAV","Q4","MOY"
"243801255","FAVP","Q2","FAV"
"243900354","FAVP","Q3","FAV"
"243900420","FAV","Q3","FAV"
"243900479","DEG","Q4","FAV"
"243900560","FAVP","Q3","DEG"
"243900610","FAV","Q4","MOY"
"243901089","MOY","Q4","DEG"
"244000543","DEGP","Q5","MOY"
"244000659","FAV","Q2","MOY"
"244000675","MOY","Q2","DEG"
"244000691","DEG","Q5","DEGP"
"244000766","MOY","Q4","MOY"
"244000774","FAVP","Q2","FAV"
"244000808","MOY","Q1","MOY"
"244000824","FAV","Q3","MOY"
"244000857","MOY","Q4","FAVP"
"244000865","MOY","Q4","FAV"
"244000873","DEG","Q4","FAVP"
"244000881","MOY","Q3","DEGP"
"244100293","FAV","Q1","MOY"
"244100780","FAV","Q1","MOY"
"244100798","FAV","Q1","FAV"
"244100806","MOY","Q2","FAVP"
"244200614","FAV","Q3","MOY"
"244200622","FAVP","Q4","FAV"
"244200630","FAVP","Q4","DEG"
"244200770","DEG","Q3","DEG"
"244200820","FAV","Q5","FAV"
"244200895","FAV","Q4","MOY"
"244300307","FAVP","Q4","MOY"
"244301016","FAV","Q4","MOY"
"244301099","DEG","Q5","DEG"
"244301107","MOY","Q4","DEG"
"244301123","FAV","Q2","DEG"
"244301131","FAVP","Q3","FAVP"
"244400404","FAV","Q1","FAV"
"244400438","FAVP","Q3","FAVP"
"244400453","FAV","Q5","DEG"
"244400503","FAVP","Q2","FAVP"
"244400537","FAV","Q4","MOY"
"244400552","FAVP","Q3","DEGP"
"244400586","FAV","Q4","FAVP"
"244400610","FAV","Q3","DEG"
"244400644","MOY","Q4","FAV"
"244500203","DEGP","Q2","DEGP"
"244500211","DEG","Q4","DEGP"
"244500419","FAV","Q2","DEGP"
"244500427","FAVP","Q2","MOY"
"244500468","MOY","Q1","MOY"
"244500484","FAVP","Q1","MOY"
"244500542","FAV","Q3","DEGP"
"244600433","MOY","Q2","DEGP"
"244600482","DEG","Q1","FAV"
"244600532","MOY","Q2","MOY"
"244600573","MOY","Q4","DEG"
"244700449","DEG","Q5","FAV"
"244700464","DEG","Q3","MOY"
"244701355","DEG","Q4","DEG"
"244701405","DEG","Q4","DEG"
"244800405","FAVP","Q1","FAV"
"244800470","MOY","Q2","FAV"
"244900015","MOY","Q1","FAV"
"244900809","MOY","Q3","MOY"
"244900882","FAV","Q3","DEG"
"245100615","FAV","Q2","FAV"
"245100888","MOY","Q2","DEGP"
"245100979","DEGP","Q4","DEG"
"245200597","MOY","Q3","FAV"
"245300223","FAV","Q3","DEG"
"245300355","FAVP","Q2","DEG"
"245300389","FAV","Q4","MOY"
"245300447","FAV","Q2","MOY"
"245400171","FAVP","Q1","FAV"
"245400189","FAV","Q2","MOY"
"245400262","MOY","Q4","DEG"
"245400510","FAV","Q4","DEGP"
"245400601","FAV","Q3","FAV"
"245400676","MOY","Q1","FAV"
"245400759","FAV","Q4","DEG"
"245500327","DEG","Q5","MOY"
"245501176","FAV","Q4","DEGP"
"245501184","MOY","Q5","MOY"
"245501242","DEG","Q5","DEGP"
"245501259","MOY","Q4","DEG"
"245600440","FAVP","Q2","MOY"
"245600465","DEG","Q4","FAV"
"245614383","FAV","Q3","FAV"
"245614417","MOY","Q2","DEG"
"245614433","MOY","Q2","DEG"
"245700133","MOY","Q5","MOY"
"245700372","DEGP","Q5","DEGP"
"245700398","DEGP","Q5","DEGP"
"245700695","FAVP","Q4","FAV"
"245700950","FAV","Q3","FAV"
"245701164","DEG","Q5","MOY"
"245701206","MOY","Q4","DEG"
"245701222","DEG","Q5","DEGP"
"245701271","MOY","Q4","DEG"
"245701354","FAVP","Q4","MOY"
"245701362","FAV","Q3","MOY"
"245701404","FAV","Q4","MOY"
"245801063","FAVP","Q1","FAV"
"245804406","MOY","Q2","FAV"
"245804497","FAV","Q2","DEG"
"245900428","DEGP","Q4","DEGP"
"245900758","MOY","Q4","DEGP"
"245901038","DEG","Q4","DEG"
"245901152","DEGP","Q5","DEGP"
"245901160","DEGP","Q4","DEGP"
"246000129","FAV","Q1","DEGP"
"246000376","FAV","Q1","MOY"
"246000566","MOY","Q2","DEGP"
"246000582","FAV","Q3","DEGP"
"246000707","FAV","Q2","DEGP"
"246000749","MOY","Q3","MOY"
"246000756","DEGP","Q5","DEGP"
"246000764","FAVP","Q2","FAVP"
"246000772","MOY","Q4","DEG"
"246000848","MOY","Q3","DEG"
"246000855","MOY","Q2","DEGP"
"246000871","FAVP","Q2","DEG"
"246000897","FAV","Q3","DEG"
"246000913","MOY","Q3","DEGP"
"246000921","FAV","Q2","MOY"
"246100390","FAV","Q2","DEGP"
"246100663","MOY","Q1","DEG"
"246200299","DEGP","Q4","DEGP"
"246200364","DEGP","Q5","DEGP"
"246200380","MOY","Q5","DEGP"
"246200729","DEGP","Q4","DEGP"
"246200844","MOY","Q5","DEG"
"246201016","MOY","Q5","DEG"
"246300701","MOY","Q1","FAV"
"246300966","FAV","Q2","MOY"
"246301097","MOY","Q3","FAV"
"246400337","FAV","Q2","DEG"
"246401756","FAV","Q3","MOY"
"246500482","MOY","Q2","DEG"
"246500573","FAVP","Q3","FAV"
"246600282","MOY","Q3","DEG"
"246600373","DEG","Q2","DEG"
"246600399","MOY","Q1","FAV"
"246600415","DEGP","Q3","DEGP"
"246600423","DEGP","Q4","DEGP"
"246600449","DEG","Q4","DEG"
"246600464","FAV","Q1","FAV"
"246600548","DEGP","Q1","DEGP"
"246700306","MOY","Q2","FAV"
"246700488","MOY","Q2","FAV"
"246700744","FAVP","Q2","FAVP"
"246700777","FAVP","Q3","FAVP"
"246700843","FAVP","Q2","FAVP"
"246700926","FAV","Q4","DEG"
"246700959","FAVP","Q2","MOY"
"246700967","FAV","Q2","FAV"
"246701064","FAVP","Q2","FAV"
"246701080","FAVP","Q3","FAVP"
"246701098","MOY","Q4","FAV"
"246800205","FAV","Q3","FAVP"
"246800395","DEG","Q2","DEGP"
"246800445","FAV","Q5","DEG"
"246800494","FAVP","Q3","FAV"
"246800551","FAV","Q3","MOY"
"246800569","FAV","Q2","DEG"
"246800577","FAVP","Q2","MOY"
"246800585","FAVP","Q2","DEG"
"246800676","FAVP","Q3","FAV"
"246800726","MOY","Q3","MOY"
"246900575","FAVP","Q1","FAV"
"246900625","FAVP","Q2","FAV"
"246900724","FAVP","Q2","FAV"
"246900740","FAVP","Q2","FAV"
"246900757","FAVP","Q3","FAV"
"246900765","FAVP","Q1","FAV"
"247000011","MOY","Q2","MOY"
"247000367","FAV","Q3","DEG"
"247000623","MOY","Q4","DEGP"
"247000664","DEG","Q4","DEG"
"247000698","FAV","Q4","DEG"
"247000706","FAVP","Q3","FAV"
"247000714","MOY","Q4","DEG"
"247000722","FAV","Q4","DEG"
"247000755","DEGP","Q4","FAV"
"247000821","MOY","Q4","FAV"
"247000854","MOY","Q4","FAV"
"247100290","DEG","Q4","MOY"
"247100589","MOY","Q2","FAV"
"247100639","FAV","Q3","FAV"
"247100647","DEG","Q5","DEGP"
"247103765","FAV","Q3","MOY"
"247103864","FAVP","Q4","DEG"
"247104094","FAV","Q1","MOY"
"247200090","MOY","Q2","DEGP"
"247200132","DEG","Q2","DEG"
"247200348","FAV","Q3","DEGP"
"247200421","FAVP","Q4","DEG"
"247200447","FAVP","Q4","MOY"
"247200629","FAVP","Q3","MOY"
"247200686","MOY","Q1","FAV"
"247300015","FAV","Q2","MOY"
"247300254","FAVP","Q1","FAVP"
"247300262","FAVP","Q3","MOY"
"247300361","FAV","Q5","FAV"
"247300452","FAVP","Q2","FAVP"
"247300528","FAV","Q5","MOY"
"247300668","FAVP","Q2","MOY"
"247300676","FAV","Q5","FAV"
"247300817","FAVP","Q1","FAVP"
"247400047","FAVP","Q4","MOY"
"247400112","FAVP","Q4","FAV"
"247400567","FAVP","Q4","FAV"
"247400583","FAVP","Q4","MOY"
"247400617","FAVP","Q1","FAVP"
"247400666","FAVP","Q4","FAV"
"247400682","FAVP","Q1","FAV"
"247400690","FAV","Q4","FAV"
"247400724","FAVP","Q3","FAV"
"247400740","FAV","Q3","FAV"
"247400773","FAV","Q4","FAV"
"247600505","FAV","Q4","DEG"
"247600588","DEGP","Q4","DEG"
"247600604","MOY","Q5","DEGP"
"247600620","FAV","Q4","MOY"
"247600646","MOY","Q3","MOY"
"247600729","MOY","Q4","DEG"
"247600786","DEGP","Q3","FAV"
"247700032","FAVP","Q2","MOY"
"247700057","MOY","Q2","DEGP"
"247700065","FAV","Q1","DEGP"
"247700107","DEG","Q4","DEGP"
"247700339","FAVP","Q1","FAVP"
"247700594","FAVP","Q1","MOY"
"247700644","FAVP","Q1","DEG"
"247700701","FAV","Q3","DEGP"
"247800550","FAVP","Q2","DEGP"
"247800584","FAVP","Q2","FAV"
"247800618","FAVP","Q2","FAV"
"247900798","DEG","Q4","MOY"
"248000499","FAV","Q2","MOY"
"248000531","MOY","Q1","MOY"
"248000747","DEG","Q4","DEG"
"248100158","FAV","Q3","MOY"
"248100430","DEG","Q3","DEG"
"248100497","MOY","Q5","DEG"
"248100737","MOY","Q1","FAV"
"248100745","MOY","Q3","DEG"
"248200016","DEGP","Q5","DEGP"
"248200057","DEG","Q4","MOY"
"248200065","DEG","Q4","DEGP"
"248200099","MOY","Q2","MOY"
"248200107","DEGP","Q4","DEG"
"248300394","FAV","Q2","FAV"
"248300410","MOY","Q2","MOY"
"248300493","DEG","Q3","MOY"
"248300543","MOY","Q2","MOY"
"248300550","DEG","Q4","DEG"
"248400053","DEGP","Q4","DEG"
"248400160","MOY","Q4","FAV"
"248400236","DEGP","Q5","DEGP"
"248400251","DEG","Q3","DEG"
"248400285","MOY","Q4","MOY"
"248400293","DEG","Q4","DEGP"
"248400319","MOY","Q3","FAV"
"248400335","MOY","Q4","MOY"
"248500191","MOY","Q4","FAVP"
"248500258","MOY","Q3","FAVP"
"248500340","FAVP","Q4","FAVP"
"248500415","MOY","Q4","DEG"
"248500464","FAV","Q3","FAVP"
"248500530","FAVP","Q3","FAVP"
"248500563","FAV","Q3","MOY"
"248500589","FAV","Q2","FAV"
"248500621","FAV","Q3","FAVP"
"248500662","FAVP","Q4","FAVP"
"248600413","MOY","Q2","MOY"
"248600447","MOY","Q2","MOY"
"248700189","FAV","Q1","DEG"
"248719262","FAV","Q2","DEG"
"248719288","FAVP","Q1","MOY"
"248719312","MOY","Q1","MOY"
"248719338","MOY","Q3","DEG"
"248719353","DEG","Q3","DEG"
"248719361","FAV","Q1","DEG"
"248900334","DEG","Q3","DEGP"
"248900383","DEGP","Q4","DEGP"
"248900524","FAV","Q1","MOY"
"248900664","MOY","Q4","DEGP"
"248900748","FAV","Q3","DEGP"
"248900896","FAV","Q3","DEGP"
"248900938","DEG","Q2","DEG"
"249000241","DEG","Q4","DEG"
"249100074","FAVP","Q2","MOY"
"249100157","FAVP","Q1","MOY"
"249100546","FAVP","Q1","MOY"
"249100553","FAVP","Q1","MOY"
"249100595","FAV","Q2","DEGP"
"249500109","MOY","Q2","DEGP"
"249500430","FAVP","Q1","FAV"
"249500455","FAVP","Q1","MOY"
"249500489","MOY","Q1","DEGP"
"249500513","FAV","Q3","DEGP"
"249710047","DEGP","Q1","DEGP"
"249710062","DEGP","Q3","DEGP"
"249710070","DEGP","Q1","DEG"
"249720053","DEGP","Q1","DEGP"
"249720061","DEG","Q1","MOY"
"249730037","DEGP","Q5","DEGP"
"249730045","DEGP","Q2","DEGP"
"249730052","DEGP","Q5","DEGP"
"249740077","DEGP","Q4","DEGP"
"249740085","DEGP","Q5","DEGP"
"249740093","DEGP","Q4","DEGP"
"249740101","DEGP","Q4","DEGP"
"249740119","DEGP","Q3","DEGP"
"75056","FAV","Q1","FAVP"
